word,value
w,107
na,55
z,55
siê,52
nie,48
jest,44
do,38
i,34
¿e,25
o,25
to,23
a,22
po,20
mo¿na,20
za,18
oraz,18
lub,17
rzeczy,15
od,13
jak,12
ale,11
co,10
przypadku,10
sprzedawca,10
przy,10
czy,10
s¹,9
tylko,9
które,9
te¿,9
mo¿e,8
nawet,8
przez,8
pojazd,8
wiêcej,8
address,8
jazdy,7
jednak,7
dla,7
równie¿,7
pod,7
rzecz,7
tak,6
gdy,6
suzuki,6
auto,6
pojazdu,6
dziêki,6
sobie,6
silnika,6
–,6
umowy,5
sytuacji,5
ze,5
tyle,5
125,5
mo¿liwoœci,5
np,5
stanie,5
szybko,5
by³o,5
cena,5
mocy,5
kupuj¹cy,5
je¿eli,5
dlatego,5
bêdzie,5
sprzeda¿y,5
tym,5
coœ,5
wady,5
trzeba,5
zawsze,4
w³aœciwoœci,4
auta,4
kg,4
bez,4
przede,4
by,4
ni¿,4
wad,4
kupuj¹cemu,4
zwróciæ,4
która,4
wszystkim,4
nim,4
producenta,4
elektryczny,4
elektryczne,4
nas,4
oznacza,4
moc,4
okazuje,4
ich,4
volkswagen,4
bardziej,4
sprzedawcy,4
temu,4
zasiêg,4
tego,4
bardzo,4
takiej,4
polsce,3
którym,3
chwili,3
których,3
silnik,3
kmh,3
którzy,3
oferuje,3
on,3
kontakcie,3
mm,3
ma,3
ju¿,3
brakuje,3
pierwszym,3
wszystko,3
wóz,3
jeszcze,3
bo,3
kupuj¹cego,3
miejsca,3
ciê¿ko,3
zarówno,3
¿¹daæ,3
golfa,3
³adowania,3
odpowiedzialnoœci,3
samochód,3
tak¿e,3
zwi¹zku,3
rozmiary,3
poradzi,3
okaza³o,3
nich,3
jego,3
obrotowy,3
praktyce,3
znajduj¹,3
znacznie,3
drugie,3
niewiele,3
poniewa¿,3
brak,3
pojeŸdzie,3
egolf,3
producent,3
powinien,3
osoby,3
jednym,3
dostêpne,3
kupuj¹cym,3
motocykli,3
moment,3
coraz,3
wad¹,3
egolfa,3
drodze,3
baterii,3
z³,3
uregulowanie,2
naprawdê,2
ka¿dy,2
jazda,2
poinformowa³,2
kupujemy,2
robi,2
nieœmia³o,2
dodatkowo,2
prêdkoœci,2
jeden,2
problemem,2
rekuperacji,2
przyk³adowo,2
zosta³a,2
znaæ,2
przepisy,2
mocno,2
wymiany,2
powy¿ej,2
oœwietlenie,2
tu,2
dochodzenie,2
nogi,2
wyposa¿enia,2
pe³ne,2
pe³ni,2
zosta³y,2
koniec,2
szybkiego,2
odleg³oœci,2
kompaktowe,2
elektrycznego,2
nieco,2
steruje,2
akumulatory,2
mu,2
gazu,2
zatem,2
specjalnie,2
km,2
maksymalna,2
termin,2
zwrotu,2
w³aœciwie,2
pracuje,2
strony,2
wynosi,2
rozumie,2
konsument,2
ustawa,2
ustawy,2
paliwa,2
œwiate³,2
aut,2
wartoœci,2
naszym,2
du¿e,2
amatorów,2
jej,2
czyli,2
który,2
cenê,2
skutera,2
informuje,2
nic,2
efekt,2
warto,2
egolfem,2
jeŸdzi,2
ceny,2
³adowaniu,2
towarów,2
rêkojmi,2
zakupu,2
nam,2
definicja,2
przepisów,2
dok³adnie,2
kraju,2
bêd¹,2
jeŸdziæ,2
przewieŸæ,2
przecie¿,2
zajêcie,2
fakcie,2
zupe³nie,2
wy¿sz¹,2
biegów,2
obrmin,2
baga¿nika,2
ile,2
foteli,2
rynek,2
rozwi¹zania,2
ciê¿koœci,2
prawach,2
wy³¹cznie,2
80,2
spotkaæ,2
70,2
masy,2
czas,2
œrodek,2
silniki,2
sprzedawcê,2
kodeksu,2
zwyk³ego,2
25,2
15,2
trzy,2
wystarczy,2
naszych,2
kodeks,2
uk³adu,2
konsumentów,2
pomoc¹,2
addressa,2
choæ,2
ca³kiem,2
maszyny,2
ubieg³ego,2
drogach,2
nak³adów,2
korzyœci,2
lekko,2
oczywiœcie,2
rynku,2
zbyt,2
niektórych,2
odpowiedŸ,2
prawa,2
mieæ,2
zwiêkszyæ,2
potrafi,2
ledowe,2
volkswagena,2
posiada,2
woln¹,2
owszem,2
zapewnia,2
silnikami,2
kszta³t,2
reklamie,2
koñcu,2
której,2
kupiæ,2
obecnej,2
schowaæ,2
najbardziej,2
wzglêdu,2
samochodzie,2
zamontowania,2
cywilny,2
kanap¹,2
sporo,2
konstruktorów,2
pytanie,2
praw,2
tytu³u,2
wadê,2
punktu,2
usuniêcie,2
stosunek,2
lekkich,2
jednostki,2
nowa,2
choæby,2
c,2
b,2
roku,2
golf,2
nowy,2
takiego,2
1000,2
najwiêksze,2
wnêtrza,2
tej,2
ccm,2
¿ycie,2
uiszczon¹,1
silnikiem,1
ecoboom,1
cbr,1
daty,1
nadzieje,1
zawarciu,1
klamki,1
³adowaæ,1
wyprawy,1
najprawdopodobniej,1
burgmanie,1
addressem,1
wolfsburga,1
klimatyzacji,1
wibracje,1
wyprzedzeniem,1
s¹d,1
szkodê,1
naklejki,1
uchwyty,1
tras¹prêdkoœæ,1
rolkowe,1
zawarcia,1
wahania,1
uprzyjemnia,1
sprawa,1
jednego,1
aplikacja,1
uszkodzenie,1
szyb,1
napêdowej,1
httpwwwautocentrumplporadnikidlakierowcycotojestwadarzeczyjakieprawaprzyslugujakupujacemuixzz3czknnlch,1
zg³osi³,1
innych,1
naprawiæ,1
deklarowana,1
wywo³a³o,1
lepszy,1
ci¹gn¹æ,1
kolejne,1
pe³n¹,1
zabudowanym,1
zapewnienie,1
ch³odzonego,1
elektronicznie,1
wyposa¿eniow¹,1
wesz³y,1
daj¹,1
zawiesiæ,1
zatrzaœniêciu,1
czekaæ,1
spalinowe,1
30litrowego,1
wspólnego,1
nieporównywalnie,1
poziomu,1
ró¿nicê,1
poziomy,1
b³yskawiczny,1
dniu,1
zbli¿aj¹,1
rêk¹,1
problem,1
póŸniej,1
196,1
wstrz¹sie,1
dziennej,1
granicznych,1
monta¿u,1
osi,1
zachowuje,1
szczególnie,1
krajach,1
dynamika,1
sugeruj¹,1
budz¹cy,1
chêtniej,1
hondy,1
przedsiêbiorca,1
kierownicy,1
os³oniête,1
skrojone,1
sytuacjach,1
wspomnianych,1
zakupionym,1
prêdkoœæ,1
8000,1
gaz,1
najwy¿szy,1
zosta³o,1
niemo¿liwa,1
pozosta³e,1
we,1
nog¹,1
haczyku,1
polski,1
sprzedawanym,1
zachêciæ,1
otwartego,1
tematy,1
konsumenta,1
prêdkoœciomierza,1
przedmioty,1
tematu,1
stanowi¹,1
160,1
opony,1
wymiana,1
braku,1
oœwietleniu,1
pewien,1
159,1
premiumw,1
magazynowaæ,1
13h,1
jetsonach,1
7z³,1
singla,1
drogowych,1
wykonania,1
napêd,1
spodoba,1
kierowcê,1
ostatnie,1
sprzedawcyco,1
one,1
dostawcze,1
unikaæ,1
liczy,1
kanalizacyjnych,1
mercedesa,1
tarczy,1
ostatnim,1
stagnacja,1
skrzynia,1
g³ównych,1
akcesoria,1
klimatyzacj¹,1
kompaktowej,1
kocich,1
umowie,1
siêbrak,1
suchych,1
pierwotnym,1
taniego,1
postawieniem,1
istne,1
zupe³nym,1
stopu,1
obrotunieprawid³owoœæ,1
atrakcyjn¹,1
zmieni³o,1
zmieni³a,1
niezw³ocznie,1
kwestii,1
zderzakach,1
walczono,1
kwestie,1
zegarku,1
kask,1
113,1
liczb,1
awarii,1
naj³atwiej,1
oka,1
owiewk¹,1
energiê,1
spotka³a,1
hamowaniu,1
burgmana,1
j¹,1
dalej,1
³bów,1
jednoœladu,1
imprezê,1
dŸwigni,1
hamowanie,1
demo,1
tryby,1
nm,1
kodeksie,1
nadwoziu,1
pod³ogê,1
zaoferowaæ,1
celowy,1
dokonuj¹c,1
564,1
okreœlon¹,1
nadwozie,1
wycisnêli,1
myœleli,1
vana,1
wbicie,1
zorientowaæ,1
dalsz¹,1
trzeciego,1
razu,1
niewielk¹,1
razy,1
mo¿liwoœciami,1
praktyk,1
os³ony,1
aucie,1
pasuj¹,1
akumulatora,1
poczujê,1
jeszczewy¿sza,1
wyraŸne,1
elementów,1
priorytetem,1
pr¹du,1
koñcówki,1
ekonomicznych,1
ochrony,1
zwinnoœæ,1
¿ó³tej,1
oszczêdniejszych,1
pojemnoœci,1
grze,1
siod³o,1
us³ug,1
zakup,1
przyjemnie,1
mogliœmy,1
rodzaju,1
manewrów,1
zintegrowane,1
polnej,1
uwalnia,1
je,1
wydana,1
ja,1
stabilnoœæ,1
pomys³,1
l100km,1
kierowca,1
skracaj¹c,1
spalinowych,1
ch³odne,1
mandatów,1
model,1
tematprawie,1
kontrolki,1
nieuczciwych,1
zgodny,1
prawdopodobieñstwo,1
cylinder,1
dop³at¹na,1
zachêty,1
500,1
wskaŸników,1
u³atwienie,1
felgi,1
tylna,1
specjalnej,1
maszyn,1
bêbna,1
szalenie,1
jednej,1
zaworów,1
pulsowanie,1
ciekawostk¹,1
kiepski,1
dalsze,1
zajmuje,1
zespo³u,1
energii,1
poszalejecie,1
³adne,1
poinformowani,1
stosuj¹c,1
uzupe³nienie,1
samochodów,1
niezupe³nymdodatkowo,1
napraw,1
równi,1
œwiat³a,1
energia,1
jedn¹,1
hamulcowegoegolfem,1
stworzyli,1
sportowych,1
nabytej,1
jazdê,1
wykonywaædodatkowo,1
kaskami,1
Ÿród³o,1
uruchomienie,1
szokiem,1
obecnym,1
zawartych,1
poczynione,1
pojemnej,1
w³asnoœæ,1
przeciekaj¹cy,1
przepuœciæ,1
httpwwwautocentrumpltechnikasuzukiaddressatrakcyjnapropozycjaixzz3czkhp05fdu¿o,1
wyrz¹dzon¹,1
przysz³a,1
kontrolek,1
panel,1
rulon,1
okreœlona,1
u¿ywania,1
podbije,1
kwoty,1
skromne,1
jeszczeegolf,1
u¿ywanie,1
rowerem,1
zniewala,1
sprzêt,1
kolei,1
trzecie,1
wytracania,1
zmontowana,1
czegoœ,1
tanich,1
przeje¿d¿aæ,1
1biegow¹,1
butelki,1
niskie,1
jedno,1
wynikiem,1
planowaniu,1
bak,1
niewielki,1
bli¿ej,1
przeszkód,1
spotykanym,1
900,1
okleiny,1
nietypowe,1
ko³a,1
wydechowego,1
wymienionej,1
szukaæ,1
zaprzyjaŸniæ,1
paski,1
takim,1
zarejestrowano,1
koñczy,1
mierze,1
kwietniu,1
miejscu,1
fabryki,1
nudne,1
otwieranie,1
takie,1
httpwwwautocentrumplraportyzjazdvolkswagenegolfprzyszloscpodnapieciemixzz3czkdtpypciekawa,1
przestrzeni,1
wsparcie,1
nieŸle,1
towarzysz¹cym,1
okolicznoœci,1
nadaje,1
godzinê,1
wtórnym,1
obudowie,1
p³yt¹,1
golfna,1
powodzeniem,1
pojazdy,1
pos³u¿y³a,1
elektrycznych,1
zostaliœmy,1
zmodyfikowanym,1
ró¿ni,1
³atwo,1
rozstaw,1
ró¿ne,1
pasie,1
³atwe,1
szybkie,1
wielkimi,1
pod³ogowa,1
sprzedanejzmieni³,1
czytelny,1
stwierdziæ,1
czyni¹,1
przedstawi³,1
gad¿etów,1
wymieniæ,1
dreamlinera,1
generacja,1
analogicznym,1
zmianie,1
niemiecki,1
centraln¹,1
140kmh,1
fajnego,1
11gr,1
konsumentapierwsze,1
multimedialny,1
okres,1
wra¿enie,1
owiewek,1
jednoœladów,1
zdecydowanie,1
golfie,1
przek³adni¹,1
odbiega³y,1
krótkiej,1
rozczarowaniem,1
du¿ym,1
odbiorze,1
któr¹,1
du¿y,1
salonach,1
w³asnoœciaddress,1
rzut,1
wzrok,1
wprost,1
grudnia,1
cywilnego,1
przekroczenia,1
bufecie,1
jakoœci¹,1
niezbyt,1
roszczeñ,1
rekordy,1
utrat¹,1
pozazdroœciæ,1
luksusowych,1
indonezyjskiej,1
urodzinow¹,1
eco+,1
bezp³atne,1
spersonalizowanie,1
mog¹,1
oszczêdzaniu,1
spojrzenie,1
zacz¹³,1
oko³o,1
zwrócone,1
zmieœciæ,1
zaczniemy,1
narzêdzia,1
miêdzyczasie,1
kick,1
polakówrynek,1
du¿ych,1
elektrycznym…,1
ró¿nicowym,1
rokunowe,1
art,1
przekrêciæ,1
wskaŸnika,1
chyba,1
zamontowaæ,1
zapewnieniem,1
uruchamia,1
miasto,1
gazetê,1
p³yta,1
akcesoriów,1
dyspozycji,1
najlepsze,1
pozwoli,1
by³y,1
testowanym,1
modele,1
przodu,1
ciekawe,1
zgrzyt,1
przek³adni,1
kompleksowe,1
gdy¿,1
zamiast,1
100kmh,1
polegaj¹cych,1
zmontowania,1
czym,1
rozpoznaæ,1
podporêz³o¿ony,1
oferowany,1
korzystniej,1
mandatu,1
dostrzeg³,1
sprzê¿ony,1
jeŸdziurok,1
czuæ,1
pokonanie,1
atrakcyjnych,1
twierdzi,1
korzystnie,1
przek³adaj¹,1
dowolne,1
dostosowane,1
42s,1
po³o¿ony,1
s³ychaæ,1
puszczeniu,1
œmia³o,1
podwozie,1
oznaczony,1
albo,1
wiêkszych,1
maniakom,1
komputerowej,1
jedzenie,1
tarcia,1
klasycznego,1
fartuch,1
otrzymacie,1
wtedy,1
podczas,1
szczegó³ów”,1
uwagê,1
drobny,1
kufra,1
przydatna,1
³adowanie,1
otwarcie,1
przynajmniej,1
wyraŸnie,1
skalkulowana,1
oka¿e,1
szeroko,1
siedziska,1
imitowaæ,1
kierunkowskazy,1
poza,1
zwi¹zek,1
segmentu,1
du¿ej,1
ka¿dym,1
miesi¹cu,1
gorszymi,1
drobne,1
motocyklinowelizacja,1
reagowaæ,1
celu,1
przyoszczêdzi³o,1
egolfie,1
wprowadzenia,1
przewozu,1
utraconych,1
potrzebuje,1
krytycznej,1
system,1
przeznaczeniazosta³a,1
przyjdzie,1
chcieli,1
dotychczas,1
nad,1
naprawa,1
zaczn¹,1
pojazdem,1
jeŸdzie,1
rozczarowany,1
przera¿aj¹ca,1
brakowa³o,1
szkoda,1
6500,1
emitowanej,1
wyboru,1
stylizacjê,1
engine,1
ogniwa,1
rzeczywistoœciegolfa,1
wzórje¿eli,1
zwiniêt¹,1
przesz³o,1
smartfonem,1
elektrycznej,1
typowej,1
190km,1
w³asnoœci¹,1
zarobkowego,1
zapasowy,1
no¿ny,1
eksploatacyjnych,1
obowi¹zuj¹cego,1
u¿ytkowanie,1
ty³u,1
1260,1
na³adowaæ,1
reguluj¹,1
betonowych,1
zastawem,1
ustawê,1
125rodkrêcamy,1
abs,1
trudne,1
trudno,1
zakupami,1
nikt,1
równie,1
dostaje,1
kilometrów,1
umo¿liwia,1
opcjonalnego,1
trafi³,1
rozs¹dne,1
zatrzymywania,1
cywilnym,1
mieœcie,1
uzupe³niaj¹cym,1
padaj¹,1
dotycz¹ca,1
krótkim,1
nierównoœci,1
ogrzewaniem,1
przed³u¿acz,1
zminimalizowania,1
przyj¹æ,1
czêœci,1
zewnêtrzne,1
trafi³y,1
zastawu,1
wycenionych,1
pryzmat,1
pó³kafakt,1
ustawiaæ,1
d³ugi,1
d³ugo,1
wzoru,1
powy¿szego,1
wersje,1
wynika,1
eksploatacji,1
dŸwignie,1
pok³adane,1
sporego,1
parkingi…,1
wyk³adni,1
roœnie,1
gorzej,1
skrócie,1
kokpitem,1
otó¿,1
normalny,1
kupowaæ,1
albowiem,1
warunkach,1
okiempr¹d,1
wyniku,1
spada,1
discover,1
przedstawiaj¹c,1
p³acê,1
wytrzymuje,1
eco,1
krêci³o,1
rocznie,1
wynikaj¹cy,1
zaryzykujemy,1
pozwala,1
zacznie,1
kierunkowskazów,1
zakresie,1
czyst¹,1
stwierdzenia,1
przypadkiem,1
skuteczne,1
s³u¿yæ,1
zakusami,1
skraca,1
popyt,1
stwierdzenie,1
przyspiesza,1
chiñszczyznê”,1
wersjê,1
jakby,1
przeja¿d¿ka,1
automatycznego,1
barwach,1
autostradzie,1
sprawne,1
czynienia,1
fali,1
sprawiæ,1
podstawowe,1
trzeciej,1
ukryte,1
inwestujemy,1
sprawny,1
niski,1
praktycznoœæ,1
nisko,1
akcesoryjnego,1
mqb,1
dynamicznej,1
oleju,1
bajki,1
posiadaj¹,1
8h,1
taryfikatorze,1
van,1
97,1
stylizacja,1
w³¹cznika,1
przewo¿enie,1
95,1
po³¹czon¹,1
rzeczywiœcie,1
naciœniêcie,1
91,1
zaœ,1
skoro,1
zastrze¿enia,1
przed,1
mog³o,1
86,1
inwestycji,1
uwzglêdni³,1
zdecydowane,1
wybieraka,1
przejechanie,1
odst¹pieniu,1
skoñczy³a,1
stworzenie,1
zaczepiæ,1
s¹siednim,1
71,1
wprawy,1
pojêt¹,1
boryka³by,1
luzie,1
przedstawionego,1
czucia,1
zagwarantuje,1
l100km52litrowy,1
nadmiernych,1
zlecenie,1
pró¿no,1
uwalniania,1
paliwozastanawia³em,1
znajduje,1
powietrzem,1
popsuta,1
czytaj,1
temperatury,1
niebieskie,1
kosztów,1
50,1
publiczne,1
ni¿sz¹,1
chronione,1
bestopniowej,1
ccmpocz¹tkowo,1
mamy,1
ustawie,1
jednak¿e,1
egzemplarzu,1
kosztowaæ,1
zwi¹zane,1
ca³oœæ,1
umów,1
skoku,1
wyliczy³,1
kategorii,1
serca,1
ziemi¹,1
wiele,1
dwa,1
irytuj¹ce,1
pieni¹dze,1
17,1
ograniczaj¹,1
wielu,1
gdzieœ,1
serwisie,1
korbki,1
studzienkach,1
przyjemnoœci¹,1
zakupionego,1
podeprzeæ,1
ziemiê,1
obni¿enia,1
³adnie,1
podkreœlaj¹,1
prawem,1
u¿yciupracy,1
dynamiczne,1
wydania,1
ograniczyæ,1
kuleje,1
praktycznie,1
w³¹czaj¹,1
uniwersalnych,1
zmuszony,1
kluczyk,1
obecne,1
realnym,1
przys³uguj¹ce,1
poczu³,1
prosta,1
ros³e,1
ekonapêdu,1
specyfikacji,1
maksymalnie,1
uci¹¿liwe,1
poziomami,1
czêœciej,1
przypadkach,1
uk³ada,1
krótki,1
zmieszcz¹,1
pracê,1
propozycj¹,1
termicznym,1
nigdy,1
powsta³,1
porównaniu,1
optymalny,1
dyskusyjna,1
stosowanej,1
zastêpuj¹,1
wy¿szej,1
krokamiczytaj,1
okresie,1
uchyli³a,1
zwraca,1
przypadkowego,1
wadzie,1
60kmh,1
zaledwie,1
zaprojektowanie,1
zajmowanie,1
intermot,1
reklamacji,1
segmencie,1
5561,1
znacznej,1
litery,1
regulacji,1
niedostêpnym,1
przybysz,1
portfelapod,1
typowym,1
wymusza,1
szerokoœci,1
dni,1
zostaæ,1
zapewni³,1
akurat,1
zastosowanie,1
klasie,1
755,1
uchwalono,1
hamulcowy,1
motogp,1
specyfikacj¹,1
marki,1
uniemo¿liwia,1
cisza,1
wiedzieæ,1
propozycji,1
temperaturê,1
rozrusznik,1
uprawniony,1
t³oka,1
popychacze,1
wstawki,1
2014,1
zmiany,1
instalacji,1
wed³ug,1
przeznaczeniabrak,1
konsumenckiej,1
œwiata,1
wyrywa,1
spektakularnych,1
intensywne,1
spojrzeæ,1
urz¹dziæ,1
ca³¹,1
klientom,1
próbkê,1
znaczn¹,1
k³ania,1
taki,1
taka,1
baga¿em,1
mo¿liwe,1
pañstwo,1
istotne,1
sprzedanej,1
bli¿szym,1
pañstwa,1
przedstawiciela,1
niewielkie,1
zastawnik,1
zapewniono,1
down,1
pierœcienie,1
utrudnione,1
obrotomierza,1
klient,1
prawnych,1
stacje,1
motoryzacyjnego,1
najwiêcej,1
wypieraj¹,1
wymieniaæ,1
stonowane,1
zostaj¹,1
pewnych,1
zwyk³e,1
zakupie,1
kupuj¹cych,1
spowodowa³a,1
napêdusam,1
nasyci,1
zwrócimy,1
jakim,1
30min,1
zwyk³y,1
poradziæ,1
towarzysz¹,1
asfalcie14calowe,1
zmiana,1
dopracowuj¹c,1
obni¿eniu,1
telefonu,1
stacji,1
dokupuj¹c,1
mimo,1
najistotniejsze,1
sprawnego,1
zimowym,1
polega,1
siebie,1
odrobinie,1
manetekszkoda,1
mieœci,1
proporcje,1
po³owê,1
temat,1
zapewnia³,1
ludzie,1
posiadaczy,1
zamiar,1
wiêkszym,1
gara¿,1
znajdzie,1
siedzeniem,1
zbli¿one,1
mieli,1
uda,1
nabywcy,1
wygospodarowaæ,1
mia³,1
dokumentu,1
niczym,1
odniós³,1
pierwsze,1
u¿ywanych,1
prawnym,1
wa¿na,1
³aduje,1
przejmuje,1
klasy,1
kiedy,1
wygodniejszych,1
eksploatacyjne,1
wartoœciowych,1
wysoka,1
volkswageny,1
konfrontacjê,1
zabieg,1
zawartoœæ,1
domu,1
trudnoœci,1
informowaliœmy,1
pomagaj¹,1
tanieæ,1
standardem,1
zniszczonych,1
jakoœæ,1
spodu,1
przerzucaniu,1
pierwszy,1
kusz¹ce,1
kusz¹ca,1
klapy,1
wskaŸnik,1
ponosi,1
dostosowañ,1
rozg³osu,1
pompê,1
alufelgi,1
szczególnych,1
schowka,1
siêga,1
powinna,1
osobê,1
wybraæ,1
zejœæ,1
salonie,1
czasu,1
mówiæ,1
mówi¹,1
wa¿y,1
skuterach,1
sprzedawców,1
obok,1
kosztuje,1
stwierdzaj¹c,1
baga¿nik,1
podmiotów,1
naprawienia,1
zapadniêtych,1
niez³e,1
samodzielnego,1
oœwiadczenie,1
pro,1
dopiero,1
ograniczony,1
bateriami,1
zakupiony,1
kosztypo,1
biznes,1
inaczej,1
lata,1
in¿ynierowie,1
tys,1
mi³ym,1
ograniczona,1
odzyskiwaniu,1
có¿,1
post¹pi³,1
traktuje,1
osób,1
lecie,1
materia³y,1
polscew,1
dystans,1
zawarciem,1
przeje¿d¿ania,1
obecnie,1
milczeniem,1
katalog,1
264,1
wówczas,1
12konnym,1
dofinansowania,1
przemieszczenie,1
cvt,1
trybów,1
sprzeda¿¹,1
skuterów,1
zimie,1
poprzez,1
równomierny,1
regulowa³y,1
pod³odze,1
materia³ów,1
pó³ki,1
obie,1
pada,1
torbê,1
z³otych,1
czasie,1
wyzyskiwaniu,1
blisko,1
stosowanie,1
piêtra,1
st³umione,1
nowych,1
jakiego,1
konsumentami,1
przemys³u,1
zbli¿aj¹cej,1
unijnych,1
szybê,1
odpowiedzialnoœæ,1
inwestowaæ,1
odzyskiwana,1
ziemi,1
100km,1
ulic,1
realiów,1
obwodnicach,1
katalogowe,1
zwyk³ym,1
podmiejskich,1
206,1
równych,1
mask¹,1
tytu³uprzechodz¹c,1
wyposa¿eniem,1
zw³okê,1
bêd¹cych,1
8500,1
odwa¿nych,1
³atwiejsza,1
zaczyna,1
platforma,1
rozstrzygane,1
podaje,1
jedynie,1
ulgi,1
spotka³em,1
gniazdko,1
przewy¿sza,1
t³okowe,1
u³atwi³y,1
ochronie,1
satysfakcjonuj¹cy,1
maskê,1
mediów,1
jecha³,1
zakrêtach,1
os³abiaj¹,1
naszego,1
dwoma,1
mechanizmem,1
lekkiego,1
osi¹gami,1
p³yt,1
wreszcie,1
niebezpieczny,1
skrytki,1
bywa,1
zawieszenie,1
takich,1
bowiem,1
z³o¿yæ,1
klapek,1
obci¹¿one,1
cywilnegow,1
stosunku,1
wg³êbienia,1
dokonanych,1
przedmiotów,1
s¹siadów,1
zrozumieæ,1
skuterem,1
koszt,1
obci¹¿ony,1
104s,1
prócz,1
szwedzkim,1
poniesionych,1
³adunku,1
wygl¹da,1
peda³u,1
hybrydami,1
istnieniu,1
ponad,1
bateriê,1
platformê,1
przygotowa³,1
du¿ego,1
niewiedzy,1
roszczenia,1
upora,1
dwie,1
sk³ada,1
wykupili,1
sposoby,1
znakomitym,1
opiniami,1
odszkodowania,1
check,1
zmian,1
cudzej,1
infotainment,1
esamochody,1
konieczne,1
r,1
wyp³acie,1
radzi,1
samochodu,1
napêdu,1
l,1
wielew,1
produkt,1
przeciwieñstwie,1
pokonywaniu,1
roz³adowanie,1
optymalizuj¹c,1
zaproponowaæ,1
p³ynny,1
kó³,1
wzrostów,1
60z³,1
zadebiutowa³a,1
sama,1
ksenonowe,1
otrzymanej,1
same,1
daciepodsumowuj¹c,1
rzeczywiste,1
cel,1
liczby,1
zalet¹,1
wprowadzaj¹cej,1
zu¿ycie,1
samo,1
kupuj¹cychczytaj,1
¿ycia,1
pewnoœci¹,1
zablokowania,1
3,1
wnêtrzu,1
ma³o,1
oryginalnego,1
0,1
pod³adowaæegolfowi,1
uk³ad,1
usterkami,1
kto,1
wnêtrze,1
reflektory,1
przeciêtny,1
pogodziæ,1
bloku,1
wybieraj¹c,1
¿yciu,1
instrukcji,1
sposób,1
prawnej,1
dekady,1
peda³,1
terenie,1
wiadomo,1
trzêsienie,1
komfort,1
uda³o,1
